Business_ID,City,Industry,Employee_Count,ElectricityBill,Reported_Turnover,Is_Anomaly
GSTIN_D2275069,Kolkata,Retail,8.0,5054.7,2910683.86,0
GSTIN_725AB941,Nagpur,Logistics,3.0,3809.2,806943.92,0
GSTIN_031853A3,Gurgaon,Manufacturing,6.0,3245.3,3451409.28,0
GSTIN_4B6BA7C3,Hyderabad,Retail,2.0,5728.8,137254.04,1
GSTIN_42AE3FFA,New Delhi,Retail,4.0,4148.0,1829688.72,0
GSTIN_116FE3C2,Hyderabad,Logistics,1.0,3645.6,221252.14,1
GSTIN_7CC3363A,Shimla,Manufacturing,7.0,2317.7,2918411.94,0
GSTIN_97512F0B,Chennai,Manufacturing,7.0,4100.8,3947660.2,0
GSTIN_F3482CCA,Shimla,Retail,1.0,2286.9,392952.53,0
GSTIN_17C9E7CF,Chennai,IT Services,8.0,5394.4,5097373.45,0
GSTIN_80BA72B4,Mumbai,Retail,4.0,4912.8,920290.2,0
GSTIN_63E774A0,Kolkata,Retail,10.0,3784.5,1064667.91,1
GSTIN_5ED4D2F7,Ratnagiri,Retail,7.0,3877.6,3365889.85,0
GSTIN_19FCBE28,Noida,Retail,4.0,4247.6,1329663.46,0
GSTIN_96B24EEA,Kolkata,Logistics,4.0,5611.5,1796118.57,0
GSTIN_515FD656,Shimla,Manufacturing,4.0,5035.8,1937613.96,0
GSTIN_F0AD8DE4,New Delhi,Logistics,9.0,4624.0,3911121.41,0
GSTIN_26DC0D37,Faridabad,Logistics,1.0,4163.4,308016.61,0
GSTIN_B4A56EA9,Hyderabad,Logistics,7.0,5938.8,2677553.06,0
GSTIN_D306E7B3,Mumbai,Retail,6.0,4756.4,2525659.61,0
GSTIN_000D39A2,Hyderabad,IT Services,5.0,3939.6,2660924.06,0
GSTIN_C21D7791,Gurgaon,Manufacturing,6.0,4706.1,2132716.66,0
GSTIN_0236D28B,Shimla,IT Services,7.0,4481.4,2777869.31,0
GSTIN_67EE4FAE,Ratnagiri,Logistics,1.0,4573.2,426903.93,0
GSTIN_BF122033,Kolkata,Logistics,6.0,4941.6,3471614.64,0
GSTIN_87CE45A3,Dahej,IT Services,6.0,4544.8,2532696.64,0
GSTIN_A31FC10F,Faridabad,IT Services,3.0,2284.2,1469288.0,0
GSTIN_D6FF74A7,Ratnagiri,IT Services,5.0,3411.4,2778956.08,0
GSTIN_D9D1D4A9,Vadodara,Logistics,6.0,5124.6,3108637.82,0
GSTIN_EEBAF1DD,Mumbai,Logistics,3.0,4130.8,1439881.96,0
GSTIN_A691CC76,Ahmedabad,Manufacturing,4.0,3088.9,1777608.73,0
GSTIN_D96A5C1C,Ratnagiri,Manufacturing,2.0,3122.8,1175081.04,0
GSTIN_BC65AFE1,Kolkata,Logistics,2.0,5394.0,963477.67,0
GSTIN_AD0665ED,Faridabad,IT Services,3.0,3985.2,2920181.53,0
GSTIN_0861EF34,Chennai,IT Services,5.0,5086.4,4346974.45,0
GSTIN_1BFD1BC1,Hyderabad,Manufacturing,2.0,3948.0,767994.93,0
GSTIN_3CC9919F,New Delhi,Logistics,2.0,4581.5,736508.56,0
GSTIN_0AE2E69C,New Delhi,Manufacturing,2.0,4445.5,678597.35,0
GSTIN_C1075499,Chennai,Manufacturing,10.0,5772.8,4124399.86,0
GSTIN_A63A1293,Nagpur,Retail,6.0,4458.9,3194776.26,0
GSTIN_3903DDDB,Noida,Retail,7.0,4756.0,2446475.57,0
GSTIN_8FF64A74,Gurgaon,Retail,4.0,3735.0,1098856.02,0
GSTIN_405B0231,Kolkata,IT Services,5.0,5315.7,4125441.39,0
GSTIN_6FC556B6,Kolkata,Logistics,5.0,2844.9,2109165.8,0
GSTIN_E13C509D,Mumbai,Logistics,2.0,2815.2,580882.02,0
GSTIN_1EB80C4C,Pune,Logistics,3.0,4468.1,311833.41,1
GSTIN_84DBB918,Navi Mumbai,Logistics,6.0,2724.9,2215738.87,0
GSTIN_74E21A51,Nagpur,Retail,2.0,3960.5,912513.64,0
GSTIN_0A23A7D7,Chennai,IT Services,7.0,4602.4,2906623.34,0
GSTIN_23AE08AC,Chennai,IT Services,3.0,6133.6,1691295.39,0
GSTIN_29BA2459,Gurgaon,Retail,5.0,2813.7,1855390.22,0
GSTIN_025B77DC,Chennai,IT Services,1.0,3968.8,577210.74,0
GSTIN_AF4FCD4D,Vadodara,Retail,6.0,4274.4,2416210.05,0
GSTIN_4D40C86B,Navi Mumbai,Logistics,4.0,4994.1,1744205.78,0
GSTIN_3FB19CF9,Ahmedabad,Retail,6.0,4763.7,2010128.06,0
GSTIN_178F61D9,Vadodara,Logistics,3.0,4680.0,1775535.24,0
GSTIN_91E99C6D,Mumbai,Logistics,3.0,4066.4,1368861.38,0
GSTIN_3F8DD101,New Delhi,Manufacturing,3.0,4675.0,1010038.77,0
GSTIN_D7307967,Ratnagiri,Retail,6.0,3907.2,2262793.47,0
GSTIN_94B0FABD,Shimla,Manufacturing,4.0,4127.2,723622.92,1
GSTIN_860C0E43,Ahmedabad,Retail,3.0,2946.7,1386207.97,0
GSTIN_5BE073C3,Shimla,Retail,3.0,1563.1,814474.0,0
GSTIN_BE3F2857,Ratnagiri,Manufacturing,6.0,3196.8,1420939.5,1
GSTIN_8E248A1F,Chennai,Manufacturing,2.0,5737.6,955578.11,0
GSTIN_CAA29460,Ahmedabad,Retail,6.0,3926.3,1646190.46,0
GSTIN_AFE40D18,Shimla,IT Services,6.0,4104.1,3102786.56,0
GSTIN_0577E515,Chennai,Logistics,3.0,3511.2,824007.83,0
GSTIN_9C15D3DA,Ratnagiri,Manufacturing,4.0,3552.0,2225123.94,0
GSTIN_079F606F,Vadodara,Logistics,5.0,1677.0,1377326.73,0
GSTIN_AA2CEB60,Hyderabad,IT Services,3.0,4536.0,1409443.89,0
GSTIN_F28937E3,Faridabad,IT Services,1.0,4009.5,246169.41,1
GSTIN_D757A6F5,Noida,IT Services,3.0,2845.4,1887618.33,0
GSTIN_DEAD2279,Noida,Manufacturing,7.0,4739.6,2033407.45,0
GSTIN_7CD160A0,Dahej,IT Services,3.0,4932.4,1294845.54,0
GSTIN_2B90B635,Navi Mumbai,Manufacturing,11.0,4491.9,1396597.32,1
GSTIN_AE2789A0,Mumbai,IT Services,3.0,3845.6,1572875.51,0
GSTIN_89DED547,Kolkata,Logistics,2.0,2792.7,1007842.69,0
GSTIN_C47A8318,Pune,Logistics,6.0,4577.3,1781560.79,0
GSTIN_4892F3D1,Hyderabad,Retail,5.0,5854.8,1264316.65,0
GSTIN_1FF47E3B,New Delhi,Logistics,1.0,4624.0,543391.97,0
GSTIN_FBBC5D2E,Mumbai,Retail,3.0,5060.0,1319915.25,0
GSTIN_00F8DC18,Nagpur,Logistics,5.0,5642.6,1952760.68,0
GSTIN_A784D99A,Noida,Manufacturing,5.0,4395.2,2442559.83,0
GSTIN_F6E8CDA4,Mumbai,Logistics,11.0,5400.4,3993251.14,0
GSTIN_27BDC92B,Gurgaon,Retail,3.0,3386.4,356736.93,1
GSTIN_D038CA9D,Pune,Retail,6.0,6451.9,603948.67,1
GSTIN_D46D3F27,Nagpur,IT Services,6.0,3764.7,3927689.05,0
GSTIN_2476742F,Shimla,Manufacturing,4.0,3534.3,2497152.96,0
GSTIN_35EF93B6,Navi Mumbai,Logistics,5.0,3524.7,1188853.92,0
GSTIN_4620B7C2,Vadodara,IT Services,5.0,4555.2,4095000.19,0
GSTIN_C6FA50E1,Nagpur,Logistics,2.0,5437.9,595936.99,0
GSTIN_E8DF9A45,Dahej,Logistics,4.0,3914.0,2127921.38,0
GSTIN_8C56911B,Shimla,IT Services,5.0,3603.6,1659425.61,1
GSTIN_93D1740D,Hyderabad,IT Services,1.0,3032.4,911873.3,0
GSTIN_19DF89E4,Shimla,IT Services,5.0,3341.8,2174374.75,0
GSTIN_FEA8D660,Dahej,IT Services,2.0,2705.6,1448024.29,0
GSTIN_C8EFB10F,Chennai,IT Services,3.0,4549.6,2206733.91,0
GSTIN_69A172FF,Chennai,Logistics,4.0,4303.2,1983408.74,0
GSTIN_C098AEFC,Chennai,IT Services,6.0,3379.2,2089435.61,1
GSTIN_FBD283C6,Navi Mumbai,Manufacturing,3.0,2910.9,662836.99,1
GSTIN_7AF9D0BE,Navi Mumbai,Retail,6.0,3608.4,1991633.54,0
GSTIN_5FD4BCCD,Mumbai,IT Services,9.0,5704.0,2164538.5,1
GSTIN_BBFF6E29,Kolkata,IT Services,3.0,4976.4,2112236.23,0
GSTIN_D01DC218,Noida,Logistics,8.0,4821.6,2269248.38,0
GSTIN_9EE05CC0,Chennai,IT Services,4.0,3863.2,3763518.03,0
GSTIN_872BB09F,Pune,IT Services,4.0,3840.2,3321487.11,0
GSTIN_364184D3,Pune,IT Services,4.0,6169.8,3709959.38,0
GSTIN_26BAB001,Shimla,Logistics,5.0,4011.7,1604306.5,0
GSTIN_1DCC3C82,Shimla,IT Services,9.0,3426.5,8136758.18,0
GSTIN_78367D83,Shimla,Retail,1.0,2571.8,513125.52,0
GSTIN_0F3C66F4,Shimla,Logistics,8.0,4704.7,3970836.56,0
GSTIN_7C8E8DD6,Shimla,Retail,3.0,3003.0,1214695.74,0
GSTIN_25138497,Faridabad,Logistics,9.0,2357.1,3132059.94,0
GSTIN_862AFCD9,Gurgaon,IT Services,6.0,4332.6,5084765.66,0
GSTIN_797C8900,Vadodara,Retail,3.0,4430.4,1193018.69,0
GSTIN_93FFB3ED,Noida,Logistics,4.0,5871.2,1146138.94,0
GSTIN_116C141A,Chennai,Manufacturing,7.0,4400.0,2669938.46,0
GSTIN_B9721542,Hyderabad,IT Services,9.0,5317.2,8609648.82,0
GSTIN_8CEF120D,Vadodara,Logistics,7.0,3580.2,3809278.34,0
GSTIN_481ADD50,Vadodara,Manufacturing,5.0,3751.8,3144185.41,0
GSTIN_FC32BA3B,Dahej,Logistics,2.0,4522.0,987680.7,0
GSTIN_2EB68D1E,Kolkata,Manufacturing,5.0,4445.7,1841846.34,0
GSTIN_55E03D9F,Navi Mumbai,IT Services,1.0,5756.7,569388.56,0
GSTIN_D158F163,Faridabad,Retail,8.0,3572.1,2178356.87,0
GSTIN_4BF3D3CA,Vadodara,Manufacturing,3.0,3868.8,806568.82,0
GSTIN_2AB1A772,Ratnagiri,Logistics,5.0,4528.8,1875004.32,0
GSTIN_8B2DC727,New Delhi,IT Services,6.0,3748.5,2907796.81,0
GSTIN_D2E7D2CF,Ahmedabad,Manufacturing,5.0,2172.5,2218457.69,0
GSTIN_DDB76673,Ratnagiri,Logistics,6.0,4343.8,3552251.64,0
GSTIN_A4E0986E,Pune,Logistics,8.0,5660.2,3250868.21,0
GSTIN_D1942B5C,Pune,Logistics,5.0,7380.1,2743493.89,0
GSTIN_3893CB41,Vadodara,Manufacturing,5.0,3642.6,2411022.21,0
GSTIN_49457908,Kolkata,Manufacturing,5.0,4524.0,1904181.94,0
GSTIN_A80300E8,Hyderabad,Manufacturing,3.0,4510.8,1305408.39,0
GSTIN_4B850DA6,Kolkata,Retail,1.0,7725.6,313172.84,0
GSTIN_F54EB5D6,Faridabad,Manufacturing,2.0,5767.2,847518.15,0
GSTIN_36642576,Faridabad,Manufacturing,7.0,3150.9,3545081.99,0
GSTIN_F6948202,Shimla,Manufacturing,4.0,4758.6,1240209.22,0
GSTIN_EC6F04C2,Ahmedabad,Retail,4.0,5071.8,1178892.88,0
GSTIN_AC0AD9E6,Hyderabad,Manufacturing,3.0,3838.8,1224161.7,0
GSTIN_443F0D87,Shimla,Logistics,8.0,3133.9,1597692.0,1
GSTIN_7A6155D1,Chennai,Manufacturing,4.0,4989.6,2334084.78,0
GSTIN_3B96AD8C,Hyderabad,Logistics,6.0,5796.0,2945147.76,0
GSTIN_C665CB87,Chennai,Logistics,3.0,3300.0,398618.34,1
GSTIN_490D7F8B,Noida,Logistics,7.0,3411.2,1175388.67,1
GSTIN_EAAD4A0E,Gurgaon,Retail,6.0,6482.3,2713204.52,0
GSTIN_6F8F43BC,Hyderabad,Retail,7.0,5401.2,1024402.47,1
GSTIN_07AD8988,Nagpur,Retail,5.0,3123.9,2680715.33,0
GSTIN_0398F8D4,Shimla,Manufacturing,7.0,3557.4,2666408.84,0
GSTIN_8D6A3002,Shimla,Logistics,1.0,2317.7,580622.92,0
GSTIN_E30EA842,Ratnagiri,Retail,2.0,5157.8,1099814.77,0
GSTIN_F7F5D9DB,Noida,Retail,3.0,5535.0,711179.25,0
GSTIN_3BCBE46A,Gurgaon,Manufacturing,4.0,2556.4,1760552.76,0
GSTIN_B0917634,Pune,Retail,11.0,4804.8,5704748.76,0
GSTIN_1A4DB51F,Vadodara,Manufacturing,3.0,3759.6,909256.46,0
GSTIN_31B26788,Pune,IT Services,9.0,3649.1,6255856.07,0
GSTIN_9D0F1BE8,Navi Mumbai,Retail,6.0,4724.4,3084172.49,0
GSTIN_6A124861,Ratnagiri,IT Services,2.0,3589.0,1484895.84,0
GSTIN_DD7BCDC1,Shimla,Manufacturing,7.0,3988.6,2319912.69,0
GSTIN_471DAC24,Ahmedabad,Logistics,6.0,7054.7,2636814.2,0
GSTIN_1984D2F3,Vadodara,Retail,8.0,4937.4,2136111.61,0
GSTIN_93A7BCFB,Kolkata,Manufacturing,7.0,3514.8,3321460.69,0
GSTIN_F6414EED,Pune,Logistics,5.0,3203.2,1301131.68,0
GSTIN_0514158D,Chennai,Logistics,4.0,2261.6,854521.68,1
GSTIN_1995B8AB,Hyderabad,IT Services,6.0,5334.0,4366322.52,0
GSTIN_6A9DCDB9,Ratnagiri,Manufacturing,4.0,3959.0,2144323.35,0
GSTIN_A514AB61,Noida,Logistics,3.0,3854.0,1374348.67,0
GSTIN_EF42BF32,Ahmedabad,Retail,4.0,3792.0,625981.16,1
GSTIN_37FB26B4,Navi Mumbai,Retail,1.0,4464.0,462838.17,0
GSTIN_41DD752B,Chennai,IT Services,5.0,6573.6,2358076.08,0
GSTIN_23AB209B,Ratnagiri,Logistics,3.0,3892.4,1434466.08,0
GSTIN_CF65DDCF,Noida,Manufacturing,6.0,4231.2,2026297.31,0
GSTIN_AF82BB7A,Dahej,Retail,7.0,4225.6,3515738.34,0
GSTIN_D10F7A3A,Gurgaon,Logistics,2.0,2705.8,563641.62,0
GSTIN_75C9FF6A,Ratnagiri,Logistics,4.0,4913.6,1647163.32,0
GSTIN_6AA71638,Navi Mumbai,IT Services,2.0,4761.6,1598913.79,0
GSTIN_67CE72A7,Dahej,Retail,4.0,3625.2,1387749.23,0
GSTIN_D2F99488,Faridabad,Retail,5.0,5208.3,1236671.78,0
GSTIN_12649B5F,Navi Mumbai,Manufacturing,3.0,3738.6,1459975.35,0
GSTIN_D25F2A5A,Kolkata,Retail,2.0,3393.0,291290.54,1
GSTIN_2D39E055,Gurgaon,Manufacturing,1.0,3436.2,588481.05,0
GSTIN_36B3E636,Chennai,Retail,6.0,3687.2,799794.12,1
GSTIN_CFA77375,Mumbai,IT Services,9.0,6302.0,6865357.36,0
GSTIN_774AB823,Chennai,Retail,4.0,5033.6,1395405.76,0
GSTIN_4C22C54B,Vadodara,Manufacturing,1.0,5483.4,581780.03,0
GSTIN_1183D8F0,Ratnagiri,Manufacturing,2.0,4602.8,1013111.57,0
GSTIN_2593C215,Mumbai,IT Services,3.0,5391.2,2233755.68,0
GSTIN_5E8E2CB8,Shimla,Retail,9.0,4312.0,2556516.35,0
GSTIN_EA3217BD,Gurgaon,Retail,1.0,3046.1,62986.14,1
GSTIN_99CFF2D6,Ratnagiri,IT Services,4.0,2982.2,669711.55,1
GSTIN_B03FB449,Noida,Retail,3.0,4690.4,783128.49,0
GSTIN_368896B4,Kolkata,Retail,3.0,4698.0,1075557.81,0
GSTIN_05418EB3,New Delhi,Manufacturing,3.0,3570.0,422869.22,1
GSTIN_0BF63A45,Hyderabad,Retail,6.0,4065.6,1766134.27,0
GSTIN_C05AC4FE,Ahmedabad,Retail,5.0,3950.0,2535898.25,0
GSTIN_B2E8A38F,Kolkata,IT Services,6.0,4741.5,2505927.75,0
GSTIN_156AE52C,Navi Mumbai,IT Services,1.0,4789.5,903144.9,0
GSTIN_B286979E,Shimla,Logistics,5.0,3095.4,2199152.03,0
GSTIN_EDC2948A,Dahej,Manufacturing,4.0,4681.6,1761439.87,0
GSTIN_52EE606C,Chennai,Retail,3.0,3784.0,740213.89,0
GSTIN_381E5494,Nagpur,Retail,7.0,3310.8,2998305.97,0
GSTIN_2D8C7C9E,Shimla,Logistics,5.0,4319.7,1978056.5,0
GSTIN_61F6163C,Gurgaon,Retail,3.0,3602.2,1596201.8,0
GSTIN_6F150C95,Kolkata,Manufacturing,3.0,4750.2,1420989.3,0
GSTIN_CA9CEBEF,New Delhi,Logistics,4.0,3068.5,2287069.2,0
GSTIN_F0EA0561,Nagpur,Manufacturing,3.0,5197.6,1068064.09,0
GSTIN_EA264F05,Pune,Logistics,3.0,6515.6,1527976.8,0
GSTIN_86F7C6DB,Shimla,Logistics,3.0,4450.6,1342348.27,0
GSTIN_80F29D91,Shimla,IT Services,4.0,4804.8,3304854.29,0
GSTIN_9C5F62F3,Ratnagiri,Manufacturing,8.0,5305.8,1393268.61,1
GSTIN_4F6577FF,Shimla,Retail,4.0,4111.8,1669826.64,0
GSTIN_C559C972,Faridabad,Retail,1.0,4268.7,426103.47,0
GSTIN_10E16647,Gurgaon,Manufacturing,5.0,3212.1,2772409.77,0
GSTIN_F54654FA,Gurgaon,Retail,6.0,4971.7,1903686.35,0
GSTIN_D0034715,Faridabad,Retail,2.0,4171.5,1067385.06,0
GSTIN_3E6B4345,Gurgaon,Manufacturing,9.0,4241.3,2817774.98,0
GSTIN_82AC31A3,Shimla,Logistics,4.0,4435.2,2132752.48,0
GSTIN_232F00E0,Mumbai,Manufacturing,7.0,4204.4,4310785.34,0
GSTIN_9369A447,Dahej,Logistics,1.0,4172.4,550829.04,0
GSTIN_D88CCAA5,Nagpur,Retail,6.0,6283.4,2235144.64,0
GSTIN_56028310,Nagpur,Retail,4.0,5749.4,1514860.36,0
GSTIN_C942845A,Ahmedabad,Retail,4.0,2306.8,2118059.63,0
GSTIN_B2E55DE1,Dahej,IT Services,8.0,2629.6,4238664.89,0
GSTIN_5AD9AE32,Gurgaon,Logistics,5.0,4772.5,2239591.59,0
GSTIN_C78AB9FC,New Delhi,IT Services,4.0,3986.5,689408.99,1
GSTIN_AAE12806,Noida,IT Services,8.0,2238.6,6476059.47,0
GSTIN_59D88351,Chennai,Manufacturing,9.0,4171.2,3104714.82,0
GSTIN_1616CE59,Chennai,IT Services,6.0,3150.4,4834469.94,0
GSTIN_64C9CA96,Noida,Manufacturing,7.0,4108.2,3959864.9,0
GSTIN_F772AB80,Mumbai,Manufacturing,2.0,2198.8,611924.27,0
GSTIN_25366109,Chennai,IT Services,6.0,4197.6,5351019.0,0
GSTIN_05C41E8C,Noida,Logistics,3.0,3124.2,745802.97,0
GSTIN_6EFD37AB,Dahej,Logistics,8.0,3944.4,2944409.36,0
GSTIN_950FB1B0,New Delhi,Logistics,2.0,4709.0,544618.41,0
GSTIN_4047D00D,Pune,Logistics,6.0,4713.8,1578882.97,0
GSTIN_1C4FEC6C,Chennai,Logistics,5.0,6749.6,2739710.48,0
GSTIN_6D5C9F45,Hyderabad,IT Services,3.0,4233.6,1914103.82,0
GSTIN_D82A495D,Gurgaon,IT Services,3.0,2996.3,1900469.3,0
GSTIN_38B44E8C,Navi Mumbai,Retail,5.0,6556.5,1467295.72,0
GSTIN_2A53FFF9,Ratnagiri,Logistics,1.0,2738.0,481779.1,0
GSTIN_719DC420,Navi Mumbai,IT Services,2.0,6686.7,1542464.11,0
GSTIN_42036808,Kolkata,Retail,8.0,4611.0,2668492.17,0
GSTIN_BBC82D96,Shimla,Logistics,4.0,4558.4,1460521.98,0
GSTIN_91F3043C,Navi Mumbai,Manufacturing,3.0,5040.6,1955984.62,0
GSTIN_3F2DB6A6,Mumbai,Retail,3.0,3459.2,267420.0,1
GSTIN_8571EC8C,Shimla,IT Services,3.0,2849.0,2113439.96,0
GSTIN_FED44836,Chennai,Manufacturing,3.0,3009.6,1116761.22,0
GSTIN_8D8C0E50,Hyderabad,Manufacturing,3.0,3586.8,1724097.08,0
GSTIN_9EDD1970,Pune,Manufacturing,2.0,4477.2,898259.41,0
GSTIN_0317105C,Vadodara,Retail,5.0,4804.8,550265.94,1
GSTIN_FCB92D35,Noida,IT Services,7.0,3296.4,3734227.27,0
GSTIN_BAF8F3FB,Shimla,Manufacturing,2.0,3826.9,1368936.27,0
GSTIN_E2B40359,Dahej,Logistics,4.0,3807.6,1330503.47,0
GSTIN_86EB3275,Vadodara,Manufacturing,6.0,3985.8,3394560.24,0
GSTIN_F5FA9DC6,Noida,Manufacturing,2.0,4305.0,949532.83,0
GSTIN_9735224B,Dahej,Retail,4.0,3351.6,1184736.97,0
GSTIN_4F143E88,Mumbai,Retail,4.0,5704.0,1816133.04,0
GSTIN_B2B87FCD,Vadodara,IT Services,2.0,4602.0,1189515.32,0
GSTIN_F17A0021,Hyderabad,Logistics,4.0,3914.4,2144486.69,0
GSTIN_29E1F46A,Chennai,Retail,8.0,5192.0,4181388.11,0
GSTIN_D5EBF423,Shimla,Manufacturing,8.0,3980.9,4989829.76,0
GSTIN_82A85632,Pune,IT Services,5.0,5733.0,2200006.09,0
GSTIN_0B3C4B60,Dahej,Manufacturing,4.0,4544.8,2290811.17,0
GSTIN_FCFFA2A8,Noida,Manufacturing,5.0,4395.2,2079542.12,0
GSTIN_C9D0EBED,Kolkata,Retail,4.0,3993.3,2034556.31,0
GSTIN_62AD6439,New Delhi,IT Services,4.0,5304.0,1280093.31,1
GSTIN_BC46F0F7,Kolkata,Logistics,4.0,3219.0,2167380.11,0
GSTIN_003A5359,Kolkata,Logistics,9.0,4089.0,3911674.32,0
GSTIN_5F042012,Navi Mumbai,Retail,1.0,5952.0,452931.87,0
GSTIN_5AC8EAF9,Mumbai,Retail,5.0,4682.8,267192.05,1
GSTIN_710CD744,Nagpur,IT Services,3.0,4343.2,2678379.9,0
GSTIN_32B694A5,Pune,Logistics,3.0,4013.1,1167002.88,0
GSTIN_0E14660E,Pune,Logistics,8.0,4158.7,3377913.22,0
GSTIN_8C654C7D,Mumbai,Logistics,6.0,6789.6,3274211.24,0
GSTIN_5AC45CD5,Vadodara,Manufacturing,2.0,3268.2,988052.92,0
GSTIN_0C5C0016,Ahmedabad,Logistics,3.0,5206.1,938011.29,0
GSTIN_E01E2379,New Delhi,Manufacturing,8.0,3323.5,3802840.8,0
GSTIN_6EF2D67D,Nagpur,IT Services,6.0,5286.6,3851721.66,0
GSTIN_0F4148EE,Pune,Manufacturing,4.0,4850.3,1787655.67,0
GSTIN_7E10CB2D,Navi Mumbai,IT Services,3.0,5431.2,1297381.8,0
GSTIN_C1D4CF71,Nagpur,Logistics,5.0,5482.4,1638094.5,0
GSTIN_4F8B4800,New Delhi,Logistics,4.0,3136.5,1326668.01,0
GSTIN_295A1EE5,Ahmedabad,IT Services,4.0,4969.1,3329575.8,0
GSTIN_2322076E,Hyderabad,Retail,4.0,6022.8,256291.44,1
GSTIN_8F8E9D93,Ratnagiri,IT Services,5.0,3389.2,3180272.77,0
GSTIN_50145D31,Chennai,Retail,4.0,4998.4,2126475.43,0
GSTIN_13D8B20B,Mumbai,Manufacturing,6.0,3238.4,1923609.74,0
GSTIN_CAEF1275,New Delhi,Manufacturing,7.0,6315.5,752090.45,1
GSTIN_9FA5B846,Chennai,Manufacturing,8.0,4294.4,1498645.61,1
GSTIN_EDF60E26,Mumbai,Logistics,4.0,5888.0,2276238.0,0
GSTIN_31755B78,Kolkata,Manufacturing,4.0,4480.5,2144989.63,0
GSTIN_7E3282DE,Faridabad,Retail,3.0,3474.9,1375456.26,0
GSTIN_C250B7C4,Mumbai,Manufacturing,6.0,5529.2,3606424.92,0
GSTIN_E14B0A71,Mumbai,IT Services,5.0,4857.6,3232110.97,0
GSTIN_74B8BF1C,Navi Mumbai,IT Services,5.0,5635.8,4476863.67,0
GSTIN_01FD6E94,Navi Mumbai,Logistics,6.0,7347.0,1515636.74,0
GSTIN_3118E9C1,Shimla,IT Services,2.0,4920.3,1905468.53,0
GSTIN_1270BC48,Chennai,Retail,2.0,4320.8,707462.44,0
GSTIN_2F68B8F3,Ratnagiri,Manufacturing,1.0,4440.0,506274.03,0
GSTIN_D660742A,Gurgaon,Logistics,3.0,4789.1,1066463.14,0
GSTIN_2F83EBB4,Mumbai,Manufacturing,7.0,2962.4,4036410.77,0
GSTIN_025DD34C,Noida,Manufacturing,9.0,4870.8,2677586.16,0
GSTIN_83C830DB,Pune,Retail,10.0,3539.9,5003399.28,0
GSTIN_2B8175B8,Pune,IT Services,5.0,6324.5,4481446.09,0
GSTIN_AB0B8222,Pune,IT Services,6.0,2356.9,3014325.43,0
GSTIN_7F40DF8F,Vadodara,Manufacturing,4.0,3198.0,2252004.76,0
GSTIN_9644BBCB,Nagpur,Logistics,4.0,3996.1,2046424.63,0
GSTIN_94D48A05,Noida,IT Services,3.0,3690.0,1090661.8,1
GSTIN_AADF6EC6,Noida,Logistics,3.0,3665.4,1172171.31,0
GSTIN_088A19CD,Pune,IT Services,3.0,3721.9,1750830.88,0
GSTIN_19038788,Ahmedabad,Logistics,6.0,2306.8,1994890.55,0
GSTIN_F3E4C0DC,Mumbai,Retail,4.0,3854.8,1237972.34,0
GSTIN_CB501E5F,Noida,Logistics,8.0,5879.4,4364233.89,0
GSTIN_81A2F533,Hyderabad,Retail,5.0,4107.6,1161474.83,0
GSTIN_B05BBED6,Pune,Retail,2.0,4813.9,1018003.54,0
GSTIN_E1858088,Navi Mumbai,Logistics,2.0,3571.2,784237.72,0
GSTIN_90E4B45A,Pune,Retail,1.0,5678.4,434488.39,0
GSTIN_864E03EF,Vadodara,Manufacturing,9.0,4719.0,5243846.14,0
GSTIN_5C2039C7,Hyderabad,Retail,3.0,6316.8,1473730.2,0
GSTIN_14A48EE4,New Delhi,IT Services,8.0,3502.0,4977097.33,0
GSTIN_40353774,Gurgaon,Logistics,3.0,4814.0,1290574.89,0
GSTIN_9AB1FF61,Faridabad,Manufacturing,3.0,3507.3,1368295.52,0
GSTIN_D3BEC58C,Hyderabad,Logistics,3.0,4569.6,794174.62,0
GSTIN_9929C5E6,New Delhi,IT Services,9.0,5644.0,5327710.35,0
GSTIN_DF0ABC91,Pune,IT Services,3.0,3676.4,1922553.36,0
GSTIN_0FC4E858,Pune,IT Services,4.0,5159.7,2643014.9,0
GSTIN_27D5AF7D,Navi Mumbai,Retail,6.0,2641.2,787838.53,1
GSTIN_7ABC720F,Ratnagiri,Retail,3.0,2493.8,485640.16,1
GSTIN_58B5767C,Pune,Logistics,6.0,2793.7,2540818.01,0
GSTIN_6FB30AA5,Hyderabad,Logistics,4.0,6484.8,1674629.7,0
GSTIN_E068CB80,Dahej,Manufacturing,4.0,4233.2,2314233.7,0
GSTIN_0923A2D7,Vadodara,Manufacturing,6.0,3354.0,3532507.18,0
GSTIN_141F2505,Dahej,Logistics,2.0,4598.0,921661.22,0
GSTIN_FD42F337,New Delhi,Retail,5.0,3366.0,2219622.77,0
GSTIN_8D89A7EA,Nagpur,IT Services,5.0,6096.5,2996613.66,0
GSTIN_63D25599,Nagpur,Logistics,5.0,3337.5,2235925.99,0
GSTIN_AFD034EB,Vadodara,Manufacturing,4.0,2386.8,1561409.29,0
GSTIN_CE8471A2,Navi Mumbai,Retail,3.0,4863.9,1103132.63,0
GSTIN_BCF68EF3,Pune,Logistics,2.0,3767.4,1022532.53,0
GSTIN_6339AD1C,Nagpur,Logistics,1.0,4850.5,589538.55,0
GSTIN_E4C9364F,Chennai,Retail,4.0,4716.8,455915.87,1
GSTIN_E5E80AB0,Navi Mumbai,Logistics,5.0,6156.6,2291738.16,0
GSTIN_44AC003A,New Delhi,Retail,5.0,5168.0,1912982.06,0
GSTIN_28E6F384,Kolkata,IT Services,7.0,4428.3,3165365.37,0
GSTIN_53D3ED86,Kolkata,Retail,5.0,2418.6,1374506.1,0
GSTIN_BB6F699E,Ratnagiri,Retail,3.0,4943.2,1009190.33,0
GSTIN_B42CF287,Mumbai,Retail,2.0,4471.2,600191.58,0
GSTIN_536EEF78,Ratnagiri,Logistics,3.0,2338.4,964192.9,0
GSTIN_BAE589D3,Navi Mumbai,Logistics,8.0,3878.1,2705688.74,0
GSTIN_5CF511D7,Navi Mumbai,Retail,7.0,4650.0,2220723.3,0
GSTIN_D8886A6D,Mumbai,Logistics,2.0,6808.0,1126727.18,0
GSTIN_03F8E71F,Mumbai,Manufacturing,4.0,3431.6,1979017.24,0
GSTIN_FD3832FD,New Delhi,Manufacturing,6.0,5015.0,4097423.51,0
GSTIN_C9A4BD47,Kolkata,Logistics,7.0,6324.9,2625816.06,0
GSTIN_080D320D,Chennai,Logistics,2.0,2886.4,1079585.2,0
GSTIN_BF62B837,Ahmedabad,Retail,7.0,2401.6,3276700.59,0
GSTIN_6EEBB42C,New Delhi,IT Services,3.0,5559.0,2538732.52,0
GSTIN_F0EC142E,Faridabad,Logistics,4.0,3904.2,1523357.76,0
GSTIN_86ED903B,Vadodara,Manufacturing,6.0,4368.0,3241174.53,0
GSTIN_BCDE0BA0,Dahej,Retail,7.0,3169.2,1924699.8,0
GSTIN_497432A9,Chennai,Logistics,6.0,2816.0,2174595.05,0
GSTIN_73AD9495,Ahmedabad,Manufacturing,5.0,6162.0,2392731.76,0
GSTIN_3CEB3FFA,Noida,Manufacturing,7.0,3993.4,3472675.34,0
GSTIN_1FD404E3,Mumbai,IT Services,8.0,2428.8,3254000.82,0
GSTIN_51B0EF37,Faridabad,Retail,6.0,4633.2,3035280.1,0
GSTIN_955E45A6,New Delhi,Retail,4.0,4207.5,1763979.36,0
GSTIN_07CB2CD7,Kolkata,IT Services,2.0,5698.5,394532.19,1
GSTIN_0E809B0B,Nagpur,IT Services,2.0,4779.3,1967917.58,0
GSTIN_9CE22F93,Faridabad,Retail,2.0,3871.8,147558.69,1
GSTIN_EE971E73,Chennai,Retail,3.0,4655.2,1664301.48,0
GSTIN_0B784CDD,Noida,Logistics,5.0,5371.0,2140117.82,0
GSTIN_963B613C,Hyderabad,Logistics,2.0,3082.8,597632.77,0
GSTIN_64A32BD0,Chennai,IT Services,2.0,3440.8,1756308.46,0
GSTIN_0C62591E,Navi Mumbai,Logistics,5.0,4166.4,2450761.22,0
GSTIN_55305FFB,Kolkata,Manufacturing,5.0,3393.0,2807239.68,0
GSTIN_DC79126B,Pune,Logistics,6.0,3849.3,3302891.93,0
GSTIN_9AF00D92,Kolkata,Logistics,5.0,6411.9,1041193.07,1
GSTIN_17FC69C2,New Delhi,Manufacturing,7.0,3646.5,3470083.34,0
GSTIN_2E98F19B,Ahmedabad,IT Services,3.0,4155.4,2671725.24,0
GSTIN_C44964CC,Nagpur,Manufacturing,6.0,5251.0,3307222.4,0
GSTIN_8C7CEF1A,Mumbai,Logistics,8.0,6458.4,3161151.47,0
GSTIN_30A1A86F,Navi Mumbai,IT Services,6.0,5979.9,5405948.91,0
GSTIN_A98388A4,Vadodara,Logistics,3.0,3939.0,963477.21,0
GSTIN_64766D9D,New Delhi,Manufacturing,3.0,4547.5,1654163.7,0
GSTIN_FFFB57D5,Ratnagiri,Manufacturing,4.0,4144.0,2439069.26,0
GSTIN_E061FCA1,Dahej,Logistics,6.0,4818.4,2938411.17,0
GSTIN_8F363358,Kolkata,Retail,5.0,6168.3,2118130.9,0
GSTIN_D5053A86,Navi Mumbai,Retail,1.0,5580.0,505389.71,0
GSTIN_EB5EE166,Chennai,Manufacturing,2.0,4708.0,979890.84,0
GSTIN_BCD925C3,Shimla,Manufacturing,6.0,3642.1,3711149.92,0
GSTIN_4DD58CD1,Shimla,Retail,6.0,2779.7,1727839.98,0
GSTIN_A8461075,Noida,Retail,4.0,5608.8,1069737.51,0
GSTIN_5B825EF7,Noida,Logistics,4.0,4838.0,1366136.74,0
GSTIN_FAEC92FA,New Delhi,Logistics,3.0,5695.0,1335491.85,0
GSTIN_85EEB5F0,Navi Mumbai,Retail,7.0,2864.4,521009.46,1
GSTIN_78CC04BB,Kolkata,Logistics,2.0,3923.7,1067107.92,0
GSTIN_5E6B9CB7,Vadodara,Logistics,7.0,4282.2,2662587.25,0
GSTIN_282CF979,Hyderabad,IT Services,2.0,3511.2,1398881.61,0
GSTIN_3E80DE38,Faridabad,Logistics,8.0,3142.8,771330.4,1
GSTIN_6AED2A6D,Navi Mumbai,Manufacturing,4.0,4594.2,1726964.26,0
GSTIN_99F1C5B6,Navi Mumbai,Logistics,10.0,5328.9,1554824.87,1
GSTIN_40013030,Dahej,Logistics,3.0,3184.4,734346.61,0
GSTIN_AEE5B4E4,New Delhi,Retail,3.0,3816.5,929522.18,0
GSTIN_DBA273D4,Dahej,Manufacturing,4.0,1542.8,1437314.19,0
GSTIN_75EDB5C9,Pune,Logistics,8.0,5023.2,2109287.7,0
GSTIN_FC3EDA7A,Navi Mumbai,Logistics,6.0,5542.8,2396129.17,0
GSTIN_A74141B4,Hyderabad,IT Services,6.0,5527.2,2915584.1,0
GSTIN_5F47A570,Pune,Logistics,4.0,4722.9,2037582.37,0
GSTIN_DB99ACBE,New Delhi,Logistics,1.0,3961.0,586439.64,0
GSTIN_BBF070D9,Dahej,IT Services,3.0,4962.8,2149400.78,0
GSTIN_294D5B61,Nagpur,Retail,2.0,5277.7,1125870.59,0
GSTIN_EB709262,Noida,Logistics,5.0,5666.2,2077983.76,0
GSTIN_99D27D78,Mumbai,IT Services,1.0,5483.2,768644.02,0
GSTIN_4688FA86,Navi Mumbai,Manufacturing,6.0,2827.2,3798167.83,0
GSTIN_91B36699,Dahej,Retail,1.0,5130.0,331310.19,0
GSTIN_C7BE99A4,Kolkata,Manufacturing,4.0,3132.0,2424942.14,0
GSTIN_0C94AC66,Nagpur,Manufacturing,3.0,5971.9,878150.82,0
GSTIN_4D626949,Shimla,IT Services,4.0,4181.1,2646119.41,0
GSTIN_085B4FD3,Ahmedabad,Logistics,6.0,6138.3,1680687.27,0
GSTIN_498BF673,Shimla,IT Services,7.0,3642.1,5509664.63,0
GSTIN_51E57AA4,Hyderabad,IT Services,6.0,4754.4,4490374.72,0
GSTIN_4A01E1C5,Vadodara,IT Services,6.0,5592.6,4947062.94,0
GSTIN_60393A16,Chennai,IT Services,2.0,3590.4,1221779.82,0
GSTIN_54816C36,Ratnagiri,Retail,5.0,1931.4,1670494.45,0
GSTIN_738546D3,Noida,Logistics,5.0,2886.4,1282489.43,0
GSTIN_A564EBD2,Navi Mumbai,Manufacturing,5.0,3971.1,1976587.62,0
GSTIN_AE930ED8,New Delhi,Manufacturing,6.0,4539.0,3845215.74,0
GSTIN_B9B686B1,Mumbai,Logistics,5.0,3404.0,1782269.33,0
GSTIN_5B9EA76A,Chennai,Manufacturing,4.0,3176.8,2432817.92,0
GSTIN_9C4113AD,Hyderabad,Logistics,3.0,5241.6,1695220.73,0
GSTIN_566B5765,Kolkata,Manufacturing,5.0,5498.4,2009929.77,0
GSTIN_0A0A2423,Navi Mumbai,IT Services,5.0,2557.5,3797693.34,0
GSTIN_2A0D7C6A,Nagpur,Manufacturing,1.0,6728.4,365465.12,0
GSTIN_53A37A06,Ahmedabad,Logistics,3.0,3144.2,887128.31,0
GSTIN_2FB32C9D,New Delhi,Logistics,9.0,4556.0,2316796.31,0
GSTIN_523511CB,Noida,Logistics,6.0,3411.2,573478.85,1
GSTIN_4507AB77,Noida,Logistics,6.0,3304.6,2280523.15,0
GSTIN_C04B1598,Ratnagiri,Logistics,6.0,2989.6,2682354.52,0
GSTIN_68139651,Shimla,Retail,1.0,5959.8,439883.83,0
GSTIN_E76F5C8B,Kolkata,Retail,5.0,4028.1,1682668.02,0
GSTIN_509493FC,Dahej,Manufacturing,7.0,4202.8,3779403.87,0
GSTIN_F5205A69,Nagpur,Logistics,4.0,2518.7,2128645.58,0
GSTIN_4ED77D76,Chennai,Manufacturing,6.0,5033.6,626038.91,1
GSTIN_99306A55,Pune,Logistics,1.0,3539.9,364690.59,0
GSTIN_672A57C6,Noida,Logistics,5.0,4280.4,2567961.26,0
GSTIN_018D104D,Gurgaon,Retail,6.0,3735.0,2037756.31,0
GSTIN_93460FA2,Vadodara,Retail,3.0,2223.0,1297647.48,0
GSTIN_4267D2E9,Nagpur,IT Services,3.0,2233.9,634111.71,1
GSTIN_E7EA0B5D,Noida,Retail,6.0,6059.8,2118478.0,0
GSTIN_0157F216,Noida,IT Services,9.0,3107.8,4400360.24,0
GSTIN_F1C4B985,Nagpur,IT Services,3.0,5188.7,1751109.46,0
GSTIN_52224804,Pune,IT Services,4.0,7707.7,3141592.03,0
GSTIN_F79C93FE,Ratnagiri,IT Services,4.0,3959.0,2612496.89,0
GSTIN_1E5FA636,Chennai,IT Services,6.0,3203.2,4969722.1,0
GSTIN_CD6A4172,Faridabad,Manufacturing,8.0,3377.7,4656208.91,0
GSTIN_44C11F2C,Noida,Retail,6.0,3001.2,2327846.85,0
GSTIN_8D8A6132,Dahej,IT Services,4.0,6695.6,3502826.81,0
GSTIN_B52DA713,Kolkata,Logistics,2.0,4289.1,735954.68,0
GSTIN_7E0A80D4,Pune,Retail,8.0,4550.0,2787176.27,0
GSTIN_DB571012,Chennai,Retail,5.0,5588.0,2167354.57,0
GSTIN_09CDE304,Chennai,IT Services,4.0,4690.4,562158.98,1
GSTIN_56C13C7C,Vadodara,Manufacturing,3.0,2675.4,1467395.3,0
GSTIN_B8D562E9,Faridabad,IT Services,6.0,1749.6,2940654.16,0
GSTIN_A864BDFA,Kolkata,Manufacturing,1.0,4828.5,541530.35,0
GSTIN_CE2D24BA,Navi Mumbai,Logistics,4.0,4324.5,2204625.47,0
GSTIN_8FD509C8,Gurgaon,Retail,6.0,4764.2,707402.08,1
GSTIN_6BE0CDBC,Pune,Logistics,6.0,5632.9,2914328.58,0
GSTIN_6C7F9DAE,Hyderabad,Manufacturing,2.0,5224.8,1186104.58,0
GSTIN_807698CC,Dahej,Manufacturing,4.0,2211.6,1975387.62,0
GSTIN_519238FC,Ratnagiri,Logistics,2.0,2545.6,868727.02,0
GSTIN_DD6264D7,Pune,Manufacturing,6.0,3185.0,615400.32,1
GSTIN_588AF2A9,New Delhi,Logistics,1.0,4318.0,443191.21,0
GSTIN_695FF7FE,Chennai,Retail,2.0,4743.2,244739.81,1
GSTIN_2D9FDEDD,Ahmedabad,Logistics,4.0,4558.3,2266230.73,0
GSTIN_6742C23D,Navi Mumbai,Retail,3.0,3245.7,1057145.37,0
GSTIN_6C159C75,Navi Mumbai,Logistics,9.0,3171.3,4033408.7,0
GSTIN_E8862F3A,Ahmedabad,Manufacturing,6.0,4115.9,2879044.22,0
GSTIN_D57F4B3F,Ratnagiri,Logistics,4.0,2923.0,1900121.01,0
GSTIN_5DEB0432,Ahmedabad,Manufacturing,1.0,5522.1,639685.14,0
GSTIN_8619D3DF,Mumbai,Logistics,2.0,3486.8,685063.65,0
GSTIN_4C475243,Ahmedabad,Logistics,3.0,2512.2,1272518.92,0
GSTIN_089456CF,Vadodara,IT Services,5.0,4375.8,890801.41,1
GSTIN_AADFDB61,Faridabad,Manufacturing,7.0,2729.7,3068514.53,0
GSTIN_80686DE5,Noida,IT Services,3.0,3157.0,1738272.74,0
GSTIN_F2007891,Noida,Manufacturing,7.0,4419.8,3786896.26,0
GSTIN_5F97AD06,Kolkata,IT Services,3.0,5350.5,2799330.06,0
GSTIN_BEB908D4,Shimla,Retail,1.0,3696.0,269675.0,0
GSTIN_D281101C,Kolkata,Logistics,5.0,4959.0,2654953.65,0
GSTIN_DBA7EA40,Faridabad,Manufacturing,6.0,4600.8,3551495.43,0
GSTIN_0E9C3ACC,New Delhi,Manufacturing,5.0,3570.0,2264257.54,0
GSTIN_9FFE0967,Kolkata,Logistics,5.0,5141.7,2872588.68,0
GSTIN_7CBA9D90,Gurgaon,Manufacturing,5.0,3743.3,2796103.43,0
GSTIN_AF71292B,New Delhi,Manufacturing,4.0,3153.5,2268378.38,0
GSTIN_096F9F77,Gurgaon,IT Services,9.0,2216.1,1558676.16,1
GSTIN_988878A8,Dahej,Manufacturing,4.0,4506.8,399528.91,1
GSTIN_019B26CD,Faridabad,Retail,1.0,3231.9,319977.97,0
GSTIN_89F2F175,Faridabad,Retail,7.0,5119.2,2504688.13,0
GSTIN_CB58BB1E,Chennai,Logistics,3.0,4250.4,995738.85,0
GSTIN_B0331F3E,Kolkata,Manufacturing,4.0,3801.9,1726452.07,0
GSTIN_1D262B70,Kolkata,Logistics,8.0,4532.7,4253332.44,0
GSTIN_D4EE1521,Dahej,Retail,5.0,4476.4,2406948.77,0
GSTIN_02F3B783,Chennai,Manufacturing,5.0,5368.0,2468483.41,0
GSTIN_73E5ADC6,Faridabad,Manufacturing,2.0,2494.8,1205444.52,0
GSTIN_6F854187,Nagpur,Logistics,4.0,6523.7,2126741.25,0
GSTIN_04288B36,Noida,Retail,5.0,5502.2,1690039.41,0
GSTIN_3F1EEDA0,Noida,Manufacturing,4.0,3681.8,1416741.26,0
GSTIN_27676D71,Shimla,Logistics,4.0,4527.6,1648662.52,0
GSTIN_BCECA32D,Chennai,Retail,5.0,6142.4,2251884.15,0
GSTIN_AC24A6C8,Mumbai,Logistics,3.0,5290.0,1169085.05,0
GSTIN_9187736B,Ratnagiri,IT Services,2.0,4218.0,1590080.33,0
GSTIN_75D7F679,Pune,Manufacturing,4.0,3494.4,1192757.36,0
GSTIN_563A8641,Chennai,IT Services,3.0,4356.0,2489248.63,0
GSTIN_CAA0897D,Navi Mumbai,Retail,3.0,5022.0,1481617.72,0
GSTIN_3278390C,Vadodara,IT Services,4.0,4516.2,3226248.65,0
GSTIN_37D516C6,Dahej,IT Services,5.0,2394.0,4925370.67,0
GSTIN_A556A5D6,Noida,Retail,7.0,5084.0,3430103.1,0
GSTIN_52EB8255,Pune,Logistics,9.0,3994.9,4879058.88,0
GSTIN_9B7DC13D,Gurgaon,IT Services,3.0,5195.8,644208.33,1
GSTIN_C8073739,Kolkata,Logistics,4.0,5011.2,2017768.01,0
GSTIN_12DAE256,Navi Mumbai,IT Services,9.0,3069.0,7119323.56,0
GSTIN_2A867B04,Vadodara,Logistics,5.0,4859.4,618686.38,1
GSTIN_73065C20,Hyderabad,Retail,2.0,5964.0,766031.09,0
GSTIN_20788925,New Delhi,IT Services,5.0,5117.0,1453470.15,1
GSTIN_615BC46C,Faridabad,Retail,8.0,4155.3,2540348.15,0
GSTIN_855471DA,Faridabad,IT Services,4.0,4309.2,2390029.85,0
GSTIN_9DD853E2,Gurgaon,Retail,9.0,3104.2,4721735.93,0
GSTIN_C78336B2,Mumbai,Retail,4.0,4443.6,968158.35,1
GSTIN_4288EA2B,Faridabad,IT Services,3.0,4438.8,2630009.16,0
GSTIN_54C0FC84,Kolkata,IT Services,5.0,5829.0,3051395.08,0
GSTIN_3ABE1AF8,Chennai,IT Services,2.0,4171.2,816079.37,0
GSTIN_3FFD286E,Faridabad,Manufacturing,2.0,3653.1,602565.26,0
GSTIN_1EBCA926,Navi Mumbai,Logistics,5.0,3496.8,1788344.86,0
GSTIN_2C3AC0D4,Ratnagiri,Manufacturing,8.0,4158.8,803870.93,1
GSTIN_1E621945,Ahmedabad,Manufacturing,2.0,5166.6,578185.6,0
GSTIN_88850531,Shimla,Retail,2.0,3157.0,420120.11,1
GSTIN_36337A2F,Chennai,IT Services,5.0,3159.2,4158437.84,0
GSTIN_35BEE6C8,Faridabad,Logistics,8.0,4803.3,2702225.06,0
GSTIN_782B92C8,Vadodara,Retail,3.0,5943.6,827685.55,0
GSTIN_1D1B68D7,Navi Mumbai,Manufacturing,4.0,5793.9,1953525.75,0
GSTIN_88035ACB,Hyderabad,IT Services,6.0,2713.2,2297401.27,0
GSTIN_72ACCAE1,Ahmedabad,Retail,3.0,4147.5,1600492.25,0
GSTIN_BC20C5DD,Pune,IT Services,6.0,3612.7,1877612.81,1
GSTIN_159B90B5,Hyderabad,Retail,3.0,6266.4,1032882.76,0
GSTIN_AFF30E4A,Navi Mumbai,IT Services,4.0,4966.2,2411597.31,0
GSTIN_0DE6B776,Navi Mumbai,Manufacturing,1.0,4938.3,339569.13,0
GSTIN_A135FBD0,New Delhi,Logistics,6.0,5312.5,2859776.12,0
GSTIN_6A9E1D40,Faridabad,Manufacturing,6.0,4041.9,3473380.77,0
GSTIN_416DFCFE,Ahmedabad,Logistics,6.0,4123.8,2845516.14,0
GSTIN_A4DA0BFB,Navi Mumbai,IT Services,5.0,6324.0,2481227.42,0
GSTIN_32AA51EF,Mumbai,Retail,8.0,3716.8,3017391.98,0
GSTIN_6F67B9BF,Ahmedabad,Manufacturing,5.0,4700.5,2512033.86,0
GSTIN_8BC37965,Kolkata,Logistics,4.0,5220.0,2244430.72,0
GSTIN_F8C13DDB,Mumbai,Manufacturing,6.0,3063.6,2383229.82,0
GSTIN_7DF4C765,Gurgaon,Logistics,9.0,5461.4,3433615.96,0
GSTIN_30A7B67F,Hyderabad,Manufacturing,2.0,4678.8,1094880.5,0
GSTIN_E29D4683,New Delhi,Logistics,2.0,4224.5,972072.85,0
GSTIN_525DE6DC,Kolkata,Logistics,4.0,3445.2,1573034.84,0
GSTIN_92A46157,New Delhi,IT Services,9.0,5610.0,6191269.04,0
GSTIN_DB745F52,Pune,Logistics,8.0,2639.0,3381678.36,0
GSTIN_1161DF95,Kolkata,IT Services,3.0,3819.3,2683268.19,0
GSTIN_DDFA30CA,Faridabad,Logistics,7.0,4090.5,925764.4,1
GSTIN_A45A3BC1,Pune,Retail,5.0,5824.0,2540935.34,0
GSTIN_73549C90,New Delhi,Retail,6.0,2516.0,2221324.58,0
GSTIN_50211ECD,Faridabad,Retail,5.0,4390.2,2530669.09,0
GSTIN_6AF62D27,Pune,Logistics,3.0,3694.6,1678797.0,0
GSTIN_C295194D,Ratnagiri,IT Services,4.0,4654.6,2541452.96,0
GSTIN_83459CA6,Ahmedabad,IT Services,5.0,5293.0,4357287.56,0
GSTIN_33EB1516,Gurgaon,Logistics,3.0,3560.7,419881.18,1
GSTIN_0E7A268E,Chennai,Retail,3.0,3748.8,1554478.19,0
GSTIN_C0072893,Chennai,Retail,2.0,5174.4,900265.79,0
GSTIN_59178A29,Mumbai,IT Services,9.0,4333.2,3925164.82,0
GSTIN_F3928651,Vadodara,Retail,4.0,6349.2,1699926.39,0
GSTIN_3DD6863E,Vadodara,Manufacturing,8.0,4984.2,5296526.23,0
GSTIN_078CE78F,Ratnagiri,IT Services,6.0,4343.8,2757796.16,0
GSTIN_A9FD57B0,Navi Mumbai,Retail,6.0,4408.2,2283771.46,0
GSTIN_9CD1C096,New Delhi,IT Services,4.0,5797.0,3480931.21,0
GSTIN_D83C718E,New Delhi,Manufacturing,3.0,2388.5,634469.24,1
GSTIN_ECAD1FC3,Vadodara,IT Services,4.0,4297.8,2573730.66,0
GSTIN_FB47730E,New Delhi,IT Services,6.0,4233.0,3085064.81,0
GSTIN_F1374956,Kolkata,IT Services,7.0,4584.9,3024472.49,0
GSTIN_A30445CC,Chennai,IT Services,5.0,5896.0,1041747.18,1
GSTIN_1EF26D96,Ahmedabad,Manufacturing,6.0,3278.5,2750593.73,0
GSTIN_367ED5B7,Shimla,Logistics,2.0,4835.6,1230569.24,0
GSTIN_A16875CB,Nagpur,IT Services,8.0,6194.4,3331696.66,0
GSTIN_97FAF554,Faridabad,IT Services,3.0,5888.7,2534891.13,0
GSTIN_119A79E7,Navi Mumbai,Retail,4.0,4445.4,892380.7,0
GSTIN_9576C4E6,Faridabad,IT Services,2.0,5038.2,1036610.78,0
GSTIN_E110A52A,Hyderabad,Retail,8.0,4922.4,2884529.31,0
GSTIN_3F22B7E4,Dahej,Logistics,4.0,3610.0,1597185.25,0
GSTIN_FFAE8715,Shimla,Manufacturing,4.0,1771.0,2028967.06,0
GSTIN_0B513432,Faridabad,Manufacturing,3.0,5572.8,1977449.82,0
GSTIN_DCA6CE5E,Shimla,Logistics,3.0,3580.5,1371732.02,0
GSTIN_2B4FF8C0,Kolkata,Manufacturing,4.0,5681.1,2519074.98,0
GSTIN_6E363AA7,Gurgaon,Logistics,8.0,4490.3,4529106.15,0
GSTIN_E433C4EC,Mumbai,Logistics,1.0,3413.2,472119.79,0
GSTIN_62375228,Shimla,Logistics,6.0,4412.1,3332581.29,0
GSTIN_D508134F,Hyderabad,Manufacturing,2.0,3217.2,1080337.38,0
GSTIN_0560251D,Navi Mumbai,Retail,8.0,2929.5,1851433.18,0
GSTIN_4228A056,Ratnagiri,Logistics,3.0,3122.8,308252.95,1
GSTIN_4A5C4568,Ahmedabad,IT Services,1.0,3831.5,513163.62,0
GSTIN_D61D4AA6,Ahmedabad,Manufacturing,5.0,3626.1,2396483.28,0
GSTIN_4481C5DF,Mumbai,Logistics,9.0,6789.6,4500704.42,0
GSTIN_CCA0947B,Ratnagiri,Logistics,3.0,4521.4,286171.33,1
GSTIN_95810146,Shimla,IT Services,8.0,3041.5,4342677.19,0
GSTIN_9EB627AE,Pune,Retail,6.0,5086.9,3078483.88,0
GSTIN_1DECAE00,Kolkata,Retail,5.0,4167.3,2079827.54,0
GSTIN_8E52BF80,Navi Mumbai,Retail,3.0,5924.1,924106.6,0
GSTIN_616029C9,Chennai,Logistics,4.0,4259.2,2012637.75,0
GSTIN_07E483C2,Hyderabad,Logistics,2.0,2805.6,882486.07,0
GSTIN_134CAA09,Hyderabad,Logistics,8.0,4275.6,3236522.0,0
GSTIN_7C14605B,Navi Mumbai,Manufacturing,3.0,4826.7,2016527.23,0
GSTIN_E5E4CDC0,Navi Mumbai,IT Services,5.0,3757.2,3913804.83,0
GSTIN_E67E677A,Nagpur,Logistics,9.0,3702.4,3361104.88,0
GSTIN_9BB250DC,Dahej,IT Services,4.0,3351.6,1186578.98,1
GSTIN_6E05117F,Mumbai,IT Services,3.0,5216.4,2791551.7,0
GSTIN_7120D38A,Nagpur,Retail,6.0,4174.1,1519953.71,0
GSTIN_1C71C4E1,Chennai,Manufacturing,3.0,3159.2,1077643.81,0
GSTIN_B1DE7A25,Mumbai,Logistics,4.0,3873.2,1263362.46,0
GSTIN_BBF8BCB1,Nagpur,Retail,6.0,2109.3,2617343.24,0
GSTIN_9399EFA1,Dahej,Retail,7.0,3625.2,2749934.23,0
GSTIN_303FCE6D,Nagpur,Logistics,4.0,4930.6,513066.23,1
GSTIN_D8C4D704,Vadodara,IT Services,4.0,3494.4,3656281.14,0
GSTIN_657B0C0A,New Delhi,Retail,9.0,4734.5,3978280.14,0
GSTIN_D483DEA8,Nagpur,IT Services,5.0,3738.0,2277221.46,0
GSTIN_178BD213,Navi Mumbai,Manufacturing,5.0,7616.7,2074932.89,0
GSTIN_EFF595EE,Kolkata,IT Services,2.0,6203.1,584197.57,1
GSTIN_3D3E84AE,New Delhi,Manufacturing,2.0,3918.5,223661.75,1
GSTIN_311F9C5C,Hyderabad,IT Services,6.0,3192.0,4589991.04,0
GSTIN_49B189A5,Hyderabad,Retail,8.0,3897.6,3927727.76,0
GSTIN_2A6BC663,Pune,Retail,6.0,3749.2,1906392.3,0
GSTIN_BA6DCF51,Nagpur,Manufacturing,6.0,2928.1,3021805.82,0
GSTIN_97143FAC,Ahmedabad,Logistics,6.0,4819.0,3129656.94,0
GSTIN_8ACDDBCF,Gurgaon,Manufacturing,6.0,3784.8,2521488.35,0
GSTIN_FF066588,Nagpur,Manufacturing,3.0,4895.0,993353.86,0
GSTIN_14DF6017,Ratnagiri,IT Services,3.0,4336.4,1991205.25,0
GSTIN_CCB6B3B2,Pune,IT Services,1.0,4176.9,459237.52,0
GSTIN_E15C21C7,Kolkata,Manufacturing,7.0,4445.7,4300262.48,0
GSTIN_2A50F4A6,Kolkata,Retail,5.0,3010.2,1134042.43,0
GSTIN_23F54AE3,Shimla,IT Services,4.0,4335.1,2645018.77,0
GSTIN_32DF0C88,Vadodara,Logistics,3.0,4750.2,1286297.58,0
GSTIN_817CCDB0,Navi Mumbai,IT Services,3.0,3301.5,3075877.33,0
GSTIN_A8F0D328,Navi Mumbai,IT Services,4.0,6677.4,2037937.54,0
GSTIN_F35ED82C,Nagpur,Logistics,3.0,4191.9,889384.58,0
GSTIN_FF1DE1DA,Kolkata,Manufacturing,4.0,2827.5,1046088.89,0
GSTIN_F0F1A8BB,Ahmedabad,Logistics,8.0,4052.7,2442499.4,0
GSTIN_F1DACBB3,Chennai,Manufacturing,7.0,5359.2,2446097.16,0
GSTIN_E897E5B4,Ratnagiri,Manufacturing,3.0,5046.8,1635958.16,0
GSTIN_0CF32DD1,Dahej,Manufacturing,8.0,3275.6,2823422.81,0
GSTIN_880D6EBE,Chennai,Logistics,3.0,4989.6,780531.0,0
GSTIN_CDABFE5E,Ahmedabad,Manufacturing,5.0,5221.9,2954634.02,0
GSTIN_395041CE,Dahej,Retail,4.0,5282.0,344834.89,1
GSTIN_C0AE6D9B,Pune,Logistics,2.0,5678.4,748717.98,0
GSTIN_3F9BA5B9,Gurgaon,Retail,4.0,4631.4,1319896.87,0
GSTIN_B5B79E6E,New Delhi,Manufacturing,5.0,3136.5,3229943.43,0
GSTIN_ECB28BA9,Ahmedabad,IT Services,6.0,4763.7,3088387.53,0
GSTIN_9D2B0473,Shimla,Manufacturing,3.0,4019.4,1859118.13,0
GSTIN_B87FDE5E,Pune,Retail,4.0,5105.1,1782048.83,0
GSTIN_53665D69,Ahmedabad,Retail,6.0,5087.6,564256.64,1
GSTIN_92D765BF,Chennai,Logistics,7.0,4400.0,3928509.48,0
GSTIN_87EDA49E,Noida,IT Services,6.0,4173.8,3222877.77,0
GSTIN_0E2D6734,Nagpur,Logistics,8.0,4147.4,2210742.18,0
GSTIN_7C572064,Nagpur,Retail,8.0,5429.0,3721775.22,0
GSTIN_7F06BF82,Dahej,Manufacturing,4.0,4362.4,2301436.53,0
GSTIN_80B0855E,Faridabad,IT Services,10.0,5094.9,7277408.3,0
GSTIN_DCC6331C,Ahmedabad,Manufacturing,6.0,4123.8,2025174.75,0
GSTIN_35DF5639,New Delhi,Manufacturing,10.0,5448.5,4576222.86,0
GSTIN_B49A0BE5,Gurgaon,IT Services,5.0,3560.7,4396820.41,0
GSTIN_A0344E2E,Shimla,Logistics,3.0,5582.5,1058077.02,0
GSTIN_9ACA4B71,Chennai,Manufacturing,5.0,4224.0,1961433.11,0
GSTIN_EB9F5F4A,Vadodara,Retail,11.0,4469.4,2339011.81,0
GSTIN_E4EC8B19,Shimla,Manufacturing,1.0,4027.1,373874.0,0
GSTIN_4CABF84A,Nagpur,IT Services,8.0,5678.2,7541668.06,0
GSTIN_DFBC31F6,Navi Mumbai,IT Services,7.0,5273.1,2285615.71,1
GSTIN_97C5F587,Kolkata,IT Services,4.0,4123.8,3833533.72,0
GSTIN_01B75D02,Dahej,Logistics,5.0,2758.8,1919087.33,0
GSTIN_196CB25D,Ratnagiri,Manufacturing,8.0,4580.6,4410864.81,0
GSTIN_F8CEC4C6,New Delhi,Logistics,3.0,4012.0,1071355.41,0
GSTIN_F9296FEE,Mumbai,Logistics,4.0,6504.4,1591929.22,0
GSTIN_FAB71758,Navi Mumbai,IT Services,3.0,2204.1,401378.8,1
GSTIN_98B05A40,Nagpur,IT Services,1.0,4450.0,627308.25,0
GSTIN_FACA2FA4,Gurgaon,Logistics,5.0,4133.4,867268.61,1
GSTIN_7C73E05A,Noida,Manufacturing,3.0,3165.2,1909068.92,0
GSTIN_5AD920C1,Pune,Retail,4.0,5423.6,434880.26,1
GSTIN_A776CDA7,Vadodara,Logistics,1.0,3822.0,334711.27,0
GSTIN_A72C3E96,Noida,Manufacturing,9.0,3698.2,2413937.79,0
GSTIN_A2E7221B,Nagpur,IT Services,5.0,4458.9,2359578.07,0
GSTIN_8A486DCB,Shimla,IT Services,8.0,3187.8,5840871.41,0
GSTIN_99C797A2,Ahmedabad,Manufacturing,5.0,4163.3,816116.85,1
GSTIN_AAA97CA1,Vadodara,Retail,7.0,4898.4,3470202.04,0
GSTIN_0A1A021A,Hyderabad,IT Services,6.0,4048.8,2492826.67,0
GSTIN_5A7A7F4F,Navi Mumbai,IT Services,5.0,7040.1,3633159.8,0
GSTIN_A0FE240F,Ahmedabad,IT Services,3.0,4005.3,2033509.2,0
GSTIN_26344436,Kolkata,Manufacturing,9.0,4880.7,4785778.93,0
GSTIN_B1CC4648,Hyderabad,Logistics,1.0,3889.2,227493.09,1
GSTIN_37A977B5,Ahmedabad,IT Services,3.0,4510.9,2497943.29,0
GSTIN_039D9B50,Chennai,Logistics,6.0,4030.4,2871608.84,0
GSTIN_AC0F2806,Mumbai,Retail,1.0,4517.2,303337.71,0
GSTIN_A65E0735,Navi Mumbai,IT Services,5.0,5914.8,4545796.11,0
GSTIN_3D126387,Shimla,IT Services,3.0,3141.6,1412253.98,0
GSTIN_0A84CFF7,Pune,Retail,8.0,5369.0,3484799.46,0
GSTIN_6DB656A5,Navi Mumbai,IT Services,5.0,5505.6,1273895.59,1
GSTIN_24CD592D,Kolkata,Logistics,3.0,5811.6,1365445.99,0
GSTIN_5C5AB38E,Mumbai,Manufacturing,5.0,3542.0,3202887.45,0
GSTIN_035923FF,Noida,Logistics,9.0,3321.0,4740922.47,0
GSTIN_251CD517,Vadodara,Manufacturing,3.0,5826.6,1745158.2,0
GSTIN_1B2312AD,Mumbai,Manufacturing,1.0,4020.4,497098.44,0
GSTIN_454CFD84,Navi Mumbai,Logistics,3.0,3468.9,1555536.55,0
GSTIN_6B111051,Gurgaon,Logistics,5.0,4506.9,2137314.78,0
GSTIN_6726B528,Mumbai,Logistics,5.0,3762.8,2681333.71,0
GSTIN_A614FED2,Pune,Logistics,6.0,5642.0,2231134.42,0
GSTIN_A0F760C2,Chennai,Retail,3.0,3572.8,1603530.12,0
GSTIN_A0BDCD50,Dahej,IT Services,2.0,1945.6,1930529.85,0
GSTIN_9E81CDC0,Shimla,Manufacturing,4.0,2779.7,1075958.34,1
GSTIN_9D9DBAA0,Hyderabad,Logistics,6.0,5888.4,2061675.34,0
GSTIN_DE3CA5C1,Vadodara,Logistics,5.0,4976.4,1458785.41,0
GSTIN_CE9AAADF,Nagpur,Logistics,3.0,3684.6,1575968.91,0
GSTIN_8B5BAD03,Gurgaon,Retail,2.0,4141.7,542293.08,0
GSTIN_40977429,New Delhi,Logistics,3.0,5006.5,1649096.82,0
GSTIN_F008C7F5,Hyderabad,Logistics,2.0,5283.6,859743.11,0
GSTIN_26FCA082,Mumbai,Logistics,3.0,5400.4,1164232.72,0
GSTIN_BF3BBDF3,Faridabad,IT Services,3.0,3782.7,2684010.93,0
GSTIN_1E9D8433,Kolkata,Retail,2.0,3732.3,875641.84,0
GSTIN_EA5AA430,Noida,Logistics,3.0,4141.0,1403477.95,0
GSTIN_7197AA81,Faridabad,Manufacturing,3.0,3879.9,551094.85,1
GSTIN_D7DD8445,Ratnagiri,Manufacturing,7.0,2530.8,2990474.65,0
GSTIN_A2633B5B,Chennai,Manufacturing,9.0,3652.0,5394165.89,0
GSTIN_AA3BD442,Kolkata,Retail,8.0,3575.7,2376375.13,0
GSTIN_B64BAD46,New Delhi,Retail,5.0,3901.5,2490802.74,0
GSTIN_39F40636,Ratnagiri,Manufacturing,4.0,4780.4,528076.16,1
GSTIN_C46A4AAB,Noida,Logistics,3.0,3542.4,1127227.76,0
GSTIN_EBDA63E6,Ratnagiri,Retail,5.0,4232.8,2220512.02,0
GSTIN_A1844F59,Mumbai,Manufacturing,3.0,6513.6,1550864.82,0
GSTIN_7E5F8EDE,Dahej,Manufacturing,4.0,5130.0,1694786.42,0
GSTIN_E6FB4175,Shimla,Logistics,6.0,4920.3,3429366.23,0
GSTIN_B702160F,Ratnagiri,IT Services,3.0,4203.2,1274579.79,0
GSTIN_8058ADB4,Shimla,Retail,7.0,4281.2,2085342.31,0
GSTIN_D5B82B9A,New Delhi,Logistics,4.0,3765.5,1708673.34,0
GSTIN_3CD5A7C4,Vadodara,Manufacturing,6.0,3650.4,641881.22,1
GSTIN_6E91A0A5,Chennai,Manufacturing,6.0,3414.4,2931556.92,0
GSTIN_4EE1EDF1,Noida,Logistics,6.0,5633.4,3001453.27,0
GSTIN_83F1C025,Ratnagiri,Retail,5.0,3470.6,823224.72,1
GSTIN_C7696450,Dahej,IT Services,2.0,4689.2,1592459.47,0
GSTIN_650D6AF5,Noida,IT Services,3.0,3542.4,1283236.08,0
GSTIN_8233941F,Shimla,Manufacturing,6.0,4535.3,2541921.7,0
GSTIN_04550EBF,Kolkata,Retail,3.0,3445.2,863222.43,0
GSTIN_E9DF479F,Ratnagiri,IT Services,3.0,3463.2,810455.25,1
GSTIN_A9E518C6,Vadodara,Retail,2.0,2379.0,814636.1,0
GSTIN_095F4D3C,Ahmedabad,Retail,5.0,4210.7,511302.41,1
GSTIN_50A4620A,Faridabad,Manufacturing,7.0,4325.4,2660296.37,0
GSTIN_21E677A6,Nagpur,IT Services,2.0,3835.9,324557.91,1
GSTIN_4D7066E3,Pune,Logistics,5.0,3094.0,2818857.36,0
GSTIN_861B7E89,Ratnagiri,Manufacturing,5.0,2331.0,3316591.39,0
GSTIN_D3EA4597,Mumbai,IT Services,6.0,3551.2,4476748.96,0
GSTIN_6595D25A,Mumbai,IT Services,3.0,3928.4,2841671.36,0
GSTIN_B889D4A7,Navi Mumbai,IT Services,5.0,5580.0,4522680.38,0
GSTIN_52BCC975,Vadodara,IT Services,1.0,5070.0,807934.25,0
GSTIN_8FC2D049,Faridabad,IT Services,4.0,4770.9,1638045.04,0
GSTIN_59399747,Ratnagiri,Retail,4.0,3056.2,1815505.33,0
GSTIN_8E7D8F27,Nagpur,Manufacturing,6.0,5669.3,3167248.39,0
GSTIN_FA8C91A9,Pune,Retail,5.0,6916.0,642135.8,1
GSTIN_EA2A2279,Noida,Logistics,6.0,4780.6,3138993.57,0
GSTIN_D9148B15,Vadodara,IT Services,4.0,3494.4,2835162.45,0
GSTIN_532619E9,Nagpur,Manufacturing,6.0,5758.3,3359312.87,0
GSTIN_965D343E,Kolkata,IT Services,6.0,5663.7,5517533.9,0
GSTIN_A5E93884,Pune,Manufacturing,1.0,6870.5,491102.56,0
GSTIN_763BF316,Nagpur,Retail,1.0,6301.2,525782.51,0
GSTIN_3E150F4C,Kolkata,Manufacturing,4.0,3828.0,1815334.22,0
GSTIN_DA12E062,Chennai,Logistics,5.0,4505.6,985126.5,1
GSTIN_F96494E5,New Delhi,Logistics,5.0,4080.0,2459147.89,0
GSTIN_DFEA0963,Vadodara,Manufacturing,7.0,2948.4,2071557.73,0
GSTIN_32A65361,Noida,Manufacturing,5.0,2238.6,2613915.81,0
GSTIN_0892BB2A,Pune,Manufacturing,7.0,5723.9,2440486.87,0
GSTIN_8AC90D7D,Vadodara,Manufacturing,2.0,4633.2,1059931.44,0
GSTIN_AC93A0B0,Mumbai,Logistics,6.0,5492.4,2466851.27,0
GSTIN_A60A86A2,Gurgaon,IT Services,3.0,3759.9,2584192.15,0
GSTIN_68F631A6,Mumbai,Manufacturing,11.0,7222.0,3332149.68,0
GSTIN_7844277D,Dahej,Manufacturing,3.0,1482.0,1604704.13,0
GSTIN_C550E068,Shimla,Logistics,5.0,4820.2,1786111.74,0
GSTIN_94967B64,Noida,Logistics,9.0,5584.2,4845136.47,0
GSTIN_12EAE8AE,Ratnagiri,Retail,3.0,2072.0,1458664.28,0
GSTIN_5A9B58D0,Navi Mumbai,Manufacturing,8.0,5328.9,5423050.71,0
GSTIN_06D438E3,Navi Mumbai,Retail,3.0,4919.7,1426814.38,0
GSTIN_EC83F28F,Nagpur,Logistics,5.0,4672.5,2602123.66,0
GSTIN_F0F8CFB8,Shimla,Logistics,2.0,4550.7,674011.02,0
GSTIN_B2DFECBE,Pune,IT Services,4.0,6233.5,2364439.44,0
GSTIN_103CFFDB,Pune,Manufacturing,3.0,3676.4,1413734.7,0
GSTIN_F43A6E17,Gurgaon,Retail,7.0,5843.2,3367054.56,0
GSTIN_2028C2EF,Gurgaon,Logistics,2.0,4257.9,1130805.53,0
GSTIN_391AF256,Chennai,Logistics,5.0,4364.8,1561123.68,0
GSTIN_DE511643,Chennai,Retail,2.0,6327.2,1054302.85,0
GSTIN_303A9710,Faridabad,IT Services,2.0,4657.5,785631.23,1
GSTIN_744BE7D3,Vadodara,Logistics,3.0,3892.2,1391959.41,0
GSTIN_AC17FB28,Chennai,Manufacturing,5.0,2217.6,1780056.44,0
GSTIN_9B3B9258,Vadodara,Logistics,9.0,2168.4,2389602.03,0
GSTIN_B0590250,Ahmedabad,Manufacturing,3.0,5403.6,1475074.93,0
GSTIN_3C0CF72F,Faridabad,Retail,3.0,5005.8,1330435.22,0
GSTIN_D48062BF,New Delhi,Manufacturing,8.0,4054.5,2760504.63,0
GSTIN_E494197B,Dahej,Retail,5.0,3123.6,2028508.81,0
GSTIN_83B816E8,Vadodara,Manufacturing,1.0,3276.0,633377.19,0
GSTIN_6467017D,Ratnagiri,Retail,9.0,3996.0,4398177.94,0
GSTIN_063EE58D,New Delhi,Manufacturing,4.0,3808.0,2475505.59,0
GSTIN_28B9B53B,Noida,IT Services,4.0,2886.4,2399618.31,0
GSTIN_AFC0C5C2,Pune,Manufacturing,6.0,5487.3,2388900.67,0
GSTIN_738873A1,Mumbai,Manufacturing,5.0,5750.0,1413196.94,1
GSTIN_4F38112D,Navi Mumbai,IT Services,9.0,5338.2,5833369.77,0
GSTIN_8B45364D,Faridabad,Logistics,7.0,5135.4,1846071.94,0
GSTIN_93D03416,Kolkata,Logistics,5.0,5742.0,1740627.84,0
GSTIN_484D44E4,Vadodara,Manufacturing,1.0,3634.8,459313.54,0
GSTIN_49A78CD9,New Delhi,IT Services,2.0,5312.5,1191283.85,0
GSTIN_DC3FC169,Dahej,Manufacturing,2.0,3526.4,297987.95,1
GSTIN_60E792BD,Ahmedabad,Retail,3.0,6090.9,967035.82,0
GSTIN_280094FE,Vadodara,Retail,4.0,4087.2,915544.36,0
GSTIN_058B9FB7,Chennai,Manufacturing,6.0,5183.2,798180.28,1
GSTIN_D06EFDA6,Nagpur,Logistics,6.0,5090.8,2774677.96,0
GSTIN_C7FF4858,New Delhi,Logistics,8.0,5491.0,3796807.41,0
GSTIN_C4EC6EBD,Chennai,Manufacturing,2.0,4347.2,702425.19,0
GSTIN_38190A00,Kolkata,Manufacturing,7.0,4036.8,2747226.03,0
GSTIN_BCA09E08,Noida,Retail,2.0,2878.2,798384.62,0
GSTIN_E5A815AA,Noida,Logistics,5.0,5576.0,2343526.39,0
GSTIN_508DBC94,Mumbai,Manufacturing,6.0,6035.2,2872898.12,0
GSTIN_FF50881C,Kolkata,Retail,4.0,6455.4,1387713.68,0
GSTIN_F8216560,Dahej,Logistics,10.0,2310.4,5504418.1,0
GSTIN_917CC43E,Mumbai,IT Services,5.0,4094.0,3039645.75,0
GSTIN_CE948025,Gurgaon,Retail,6.0,4606.5,2223688.63,0
GSTIN_B46B5E8A,Gurgaon,Logistics,7.0,3834.6,3508557.89,0
GSTIN_7F503103,Kolkata,Logistics,4.0,4698.0,1752652.52,0
GSTIN_E712E029,Pune,Retail,4.0,2265.9,272565.45,1
GSTIN_A35D9E5D,Shimla,IT Services,10.0,2579.5,6475999.03,0
GSTIN_C7AD364E,Hyderabad,Retail,2.0,5661.6,987822.49,0
GSTIN_807A80C2,Pune,Logistics,1.0,5259.8,409069.99,0
GSTIN_60BFC1E2,Nagpur,Manufacturing,7.0,4948.4,2350831.86,0
GSTIN_27461C4A,Pune,Manufacturing,6.0,7088.9,2361921.13,0
GSTIN_17C97976,Ratnagiri,Retail,8.0,2752.8,3824459.09,0
GSTIN_3E101CE7,Vadodara,Logistics,1.0,5514.6,111642.59,1
GSTIN_FE414A0D,Hyderabad,Manufacturing,5.0,5266.8,3367805.99,0
GSTIN_2FD5395C,Vadodara,Logistics,4.0,4726.8,1735222.77,0
GSTIN_624B11CB,Navi Mumbai,Retail,7.0,4287.3,3712157.66,0
GSTIN_4AFE98B9,Ratnagiri,Manufacturing,5.0,3744.4,3063876.53,0
GSTIN_32D40610,Nagpur,Logistics,1.0,5242.1,454150.73,0
GSTIN_CE5E73D4,Mumbai,Manufacturing,9.0,6127.2,3253717.67,0
GSTIN_4AD9F1AD,Gurgaon,Retail,1.0,3079.3,291414.33,0
GSTIN_E417C094,Ahmedabad,Logistics,5.0,5040.2,1682244.48,0
GSTIN_5AC4C992,Vadodara,Manufacturing,3.0,3541.2,1676865.14,0
GSTIN_ABA1C6FF,Faridabad,Retail,2.0,2843.1,641795.97,0
GSTIN_D3A26215,Ahmedabad,Manufacturing,5.0,3649.8,2078817.16,0
GSTIN_A9354F23,Vadodara,Manufacturing,3.0,4001.4,1400670.19,0
GSTIN_28C2F075,Noida,IT Services,4.0,1918.8,3672543.99,0
GSTIN_B1F1D69B,Chennai,IT Services,5.0,6644.0,2534443.6,0
GSTIN_0BCF5559,Navi Mumbai,Retail,6.0,4324.5,1336952.07,0
GSTIN_F69F1612,Faridabad,IT Services,7.0,6301.8,3128529.79,0
GSTIN_1E0AD169,Nagpur,Retail,2.0,3916.0,1065048.64,0
GSTIN_DD1F3BC9,Chennai,IT Services,7.0,4954.4,1145932.48,1
GSTIN_20C86740,Hyderabad,Manufacturing,6.0,3108.0,2138082.35,0
GSTIN_CAE8AEEA,Mumbai,Retail,5.0,5280.8,1396861.45,0
GSTIN_BB00E13F,Gurgaon,Retail,4.0,3652.0,1294431.95,0
GSTIN_8966C972,New Delhi,Manufacturing,5.0,5032.0,1661811.61,0
GSTIN_DA1913F6,Hyderabad,Retail,3.0,3200.4,1580585.95,0
GSTIN_7501B6F0,Noida,Retail,2.0,4813.4,956054.39,0
GSTIN_94D0D648,Gurgaon,IT Services,7.0,3685.2,4476865.28,0
GSTIN_DB2A4A24,Ratnagiri,Retail,2.0,4040.4,1016907.69,0
GSTIN_6C9A2D0F,Hyderabad,Logistics,4.0,4779.6,1392627.78,0
GSTIN_B2CAECCF,Faridabad,Manufacturing,4.0,4268.7,2195834.63,0
GSTIN_51CF841E,Chennai,IT Services,3.0,4901.6,1114091.4,1
GSTIN_24214E85,Ratnagiri,IT Services,4.0,4713.8,2548383.43,0
GSTIN_AC64533E,Ahmedabad,Logistics,4.0,4250.2,1955920.49,0
GSTIN_E7EA0B31,Nagpur,Manufacturing,8.0,4396.6,3141432.4,0
GSTIN_63081FEC,Faridabad,Manufacturing,7.0,5281.2,2641493.38,0
GSTIN_A2FFC6C9,Ratnagiri,IT Services,3.0,2819.4,1373268.1,0
GSTIN_285AA7E4,Dahej,Retail,3.0,3473.2,1038611.7,0
GSTIN_F042AEAD,New Delhi,IT Services,2.0,4122.5,1687218.29,0
GSTIN_3F8C4182,Noida,Manufacturing,5.0,5346.4,1181507.51,1
GSTIN_196EBE14,Noida,Logistics,4.0,5289.0,1899820.91,0
GSTIN_B5CDBEC8,Dahej,IT Services,6.0,1869.6,1352339.1,1
GSTIN_CD234DF5,Hyderabad,Manufacturing,4.0,4653.6,2277062.41,0
GSTIN_83C81107,Dahej,IT Services,2.0,2743.6,1052617.99,0
GSTIN_425CE724,Navi Mumbai,Retail,6.0,6156.6,2256361.31,0
GSTIN_22F2076E,Pune,IT Services,8.0,6442.8,3644721.24,0
GSTIN_3A7A42CB,Navi Mumbai,IT Services,5.0,3738.6,4151726.5,0
GSTIN_BAA2F62B,Ratnagiri,Manufacturing,1.0,4410.4,658529.18,0
GSTIN_42463A62,Ahmedabad,Manufacturing,1.0,2923.0,346946.61,0
GSTIN_F5B50407,Kolkata,Manufacturing,9.0,4071.6,4838955.48,0
GSTIN_DF4FFB82,Noida,IT Services,5.0,3796.6,3747931.41,0
GSTIN_6945B5B1,Dahej,Retail,9.0,3959.6,3381140.01,0
GSTIN_6F31FEC8,Vadodara,Logistics,3.0,3510.0,1189217.11,0
GSTIN_56F6789B,Noida,Logistics,2.0,4067.2,796271.92,0
GSTIN_3D3CE07A,Navi Mumbai,Manufacturing,5.0,5152.2,1474730.16,0
GSTIN_AE5607D0,Kolkata,Manufacturing,5.0,2566.5,1694388.6,0
GSTIN_85B638A3,Noida,IT Services,8.0,4009.8,1076260.97,1
GSTIN_A8845E6D,Pune,Logistics,4.0,5824.0,1792729.51,0
GSTIN_7F774B7D,Pune,Manufacturing,3.0,4386.2,359635.58,1
GSTIN_D8A6BC86,Ratnagiri,Retail,8.0,1554.0,3912361.16,0
GSTIN_80B7A3DF,Noida,Retail,6.0,5666.2,2276244.27,0
GSTIN_E8F9D289,Ahmedabad,Manufacturing,3.0,4068.5,1605089.91,0
GSTIN_8643E6CC,Nagpur,Manufacturing,4.0,4672.5,1795648.92,0
GSTIN_EA81C290,Ratnagiri,Logistics,2.0,3922.0,880619.37,0
GSTIN_D290127D,Noida,Logistics,3.0,4887.2,1731761.64,0
GSTIN_B75A4419,Nagpur,IT Services,2.0,2732.3,313540.47,1
GSTIN_136A6DCA,Gurgaon,Logistics,2.0,3261.9,666910.95,0
GSTIN_6D9F7D2F,Shimla,Retail,7.0,3341.8,3220160.6,0
GSTIN_80BB6159,Shimla,Retail,6.0,4673.9,1498951.34,0
GSTIN_D6BEA2FD,Hyderabad,Manufacturing,4.0,4166.4,1266612.02,0
GSTIN_97788F62,Nagpur,Logistics,4.0,3800.3,1457625.6,0
GSTIN_80CDDD46,Noida,IT Services,4.0,4846.2,1920043.01,0
GSTIN_8154F0E0,Pune,Retail,4.0,4286.1,1637922.55,0
GSTIN_BADDF5A5,Kolkata,Retail,7.0,4558.8,1958210.22,0
GSTIN_EA3C207B,Nagpur,IT Services,6.0,5233.2,5579020.89,0
GSTIN_1F9EDFAE,Hyderabad,IT Services,3.0,4536.0,2645778.65,0
GSTIN_84E5797A,New Delhi,Retail,2.0,5797.0,944071.02,0
GSTIN_75CF7176,Chennai,Retail,7.0,5799.2,2741377.52,0
GSTIN_81ED6D26,Faridabad,IT Services,5.0,4795.2,4577936.2,0
GSTIN_67DCD311,Pune,Retail,7.0,6779.5,2022364.72,0
GSTIN_45495EA3,Hyderabad,Manufacturing,6.0,4838.4,3806218.61,0
GSTIN_DAC2CB4E,Kolkata,Manufacturing,5.0,3358.2,2816098.86,0
GSTIN_DFF921AA,Faridabad,IT Services,3.0,4244.4,2607717.76,0
GSTIN_712AFC14,Ratnagiri,Logistics,8.0,4958.0,3542374.3,0
GSTIN_3DFB9BF9,Pune,IT Services,5.0,4495.4,832152.65,1
GSTIN_F7C44BE3,Navi Mumbai,IT Services,7.0,3534.0,4564927.07,0
GSTIN_31C5478A,Ratnagiri,Logistics,4.0,3922.0,809485.09,1
GSTIN_257F85C9,Chennai,Logistics,6.0,4391.2,1549552.84,0
GSTIN_4D44EB15,Gurgaon,Logistics,4.0,4415.6,2131494.75,0
GSTIN_4F004E91,Dahej,Manufacturing,10.0,3511.2,3632608.46,0
GSTIN_0C25235F,New Delhi,Retail,3.0,3595.5,828757.81,0
GSTIN_E4D3D4C6,Shimla,Manufacturing,7.0,2795.1,2195563.97,0
GSTIN_6294628C,Kolkata,Retail,4.0,4341.3,954447.22,0
GSTIN_8A8DBA69,Dahej,Manufacturing,5.0,2584.0,2384609.47,0
GSTIN_3F39C472,Ratnagiri,Retail,4.0,2945.2,1117120.92,0
GSTIN_0E1AFF28,Shimla,Manufacturing,6.0,2410.1,3878124.44,0
GSTIN_62E89577,Chennai,Logistics,3.0,5112.8,1378109.78,0
GSTIN_50F90991,Navi Mumbai,IT Services,10.0,7421.4,4903413.46,0
GSTIN_DB774DEB,Pune,Manufacturing,6.0,2393.3,3066909.48,0
GSTIN_C1E7901B,Ahmedabad,Retail,3.0,5332.5,440633.84,1
GSTIN_B6384879,Chennai,Logistics,3.0,4312.0,1575319.01,0
GSTIN_CE2220B6,Shimla,Manufacturing,4.0,4535.3,1173440.39,0
GSTIN_E7B25FC9,Nagpur,Manufacturing,6.0,6764.0,3597346.21,0
GSTIN_BF478752,Mumbai,Logistics,4.0,3689.2,2101619.32,0
GSTIN_045DB281,Ratnagiri,Manufacturing,10.0,4669.4,3425164.66,0
GSTIN_7C87470B,Faridabad,IT Services,10.0,3693.6,4257131.48,0
GSTIN_25473D07,Pune,Manufacturing,4.0,4732.0,2045958.33,0
GSTIN_B916A59F,Gurgaon,IT Services,4.0,3643.7,2032383.44,0
GSTIN_D9ABA0A6,Nagpur,IT Services,9.0,2554.3,7736001.92,0
GSTIN_DB698EA4,Vadodara,Logistics,3.0,5280.6,1178938.48,0
GSTIN_47E21B8A,Hyderabad,Manufacturing,4.0,4838.4,2515702.69,0
GSTIN_27F168F7,Kolkata,Logistics,5.0,2618.7,2259742.4,0
GSTIN_B9A97449,Hyderabad,Manufacturing,7.0,3486.0,2416901.04,0
GSTIN_510C8B24,Hyderabad,Manufacturing,4.0,3460.8,1277396.13,0
GSTIN_ACC3FC80,Mumbai,Retail,5.0,5510.8,1926817.35,0
GSTIN_A80039BB,Nagpur,Manufacturing,10.0,4298.7,5878728.14,0
GSTIN_C8D6E46B,Dahej,Logistics,3.0,4210.4,1517722.42,0
GSTIN_7FD0BC85,Faridabad,IT Services,4.0,4252.5,2359783.38,0
GSTIN_2CBD3055,Nagpur,Manufacturing,2.0,3524.4,747051.84,0
GSTIN_1BEFED44,Mumbai,Retail,4.0,5179.6,934913.6,0
GSTIN_3A5DF449,Shimla,Logistics,6.0,3080.0,3006876.85,0
GSTIN_C35C1040,Chennai,Manufacturing,3.0,5790.4,982249.38,0
GSTIN_2E1C32F9,Chennai,Logistics,3.0,5904.8,1252046.9,0
GSTIN_D4D03812,Pune,Retail,6.0,3621.8,2383555.65,0
GSTIN_2843692E,Ratnagiri,Retail,8.0,5579.6,4185117.32,0
GSTIN_ACC5EE11,Ahmedabad,Logistics,5.0,3610.3,1673703.24,0
GSTIN_13C91727,Pune,Manufacturing,6.0,6024.2,2223208.83,0
GSTIN_FC0B3015,Nagpur,IT Services,5.0,4378.8,3895300.0,0
GSTIN_C83552CE,Gurgaon,Retail,2.0,5320.3,880592.09,0
GSTIN_5FCA132C,Shimla,Manufacturing,2.0,3326.4,832466.9,0
GSTIN_B2CCB958,Vadodara,Manufacturing,8.0,4914.0,5073358.93,0
GSTIN_9804B0F3,Gurgaon,IT Services,3.0,4988.3,2797945.32,0
GSTIN_07049158,Ratnagiri,Retail,4.0,4255.0,1212885.45,0
GSTIN_C6E8D14E,Gurgaon,Retail,1.0,4224.7,320045.82,0
GSTIN_E59A52C7,Nagpur,Manufacturing,6.0,6452.5,2758653.38,0
GSTIN_B026111A,Faridabad,Manufacturing,2.0,4333.5,1118737.1,0
GSTIN_5D3EB4D5,Faridabad,IT Services,4.0,5969.7,1800015.33,0
GSTIN_E064F390,Navi Mumbai,IT Services,5.0,6547.2,4078403.27,0
GSTIN_8E703295,Ahmedabad,Retail,3.0,3957.9,1330337.38,0
GSTIN_5B7245E8,Shimla,Logistics,8.0,4342.8,2500500.63,0
GSTIN_72DC60E9,Shimla,Retail,3.0,3164.7,1242024.96,0
GSTIN_AA35EFDD,New Delhi,Manufacturing,8.0,4624.0,5229035.95,0
GSTIN_524A521C,Faridabad,Retail,9.0,2818.8,2118996.57,0
GSTIN_A3E4361D,Ratnagiri,Logistics,4.0,2597.4,1386907.05,0
GSTIN_07FA15D1,Dahej,IT Services,4.0,3397.2,2600047.01,0
GSTIN_33ADFB27,Ahmedabad,Logistics,5.0,3325.9,2685640.65,0
GSTIN_1DAE938F,Navi Mumbai,Logistics,7.0,4408.2,4232925.56,0
GSTIN_F9AFE0C9,Ahmedabad,Logistics,2.0,4518.8,817090.53,0
GSTIN_93C3A39F,Pune,IT Services,9.0,5469.1,7513245.78,0
GSTIN_8FF9747E,Dahej,Logistics,5.0,4560.0,2069315.21,0
GSTIN_86A73BE6,Ahmedabad,Logistics,5.0,4795.3,2253751.33,0
GSTIN_4B0DB8A8,New Delhi,Logistics,8.0,4573.0,2607158.95,0
GSTIN_E1496F02,Ahmedabad,Manufacturing,7.0,3491.8,2440968.43,0
GSTIN_E976CFCE,Noida,Logistics,6.0,3624.4,2087477.54,0
GSTIN_A1B1D9C8,New Delhi,IT Services,5.0,5108.5,3724210.8,0
GSTIN_B356F696,Navi Mumbai,Logistics,6.0,4557.0,1586699.16,0
GSTIN_B6730A4B,Kolkata,Logistics,7.0,3088.5,3869647.7,0
GSTIN_C286DD98,Ahmedabad,IT Services,4.0,4013.2,2020165.65,0
GSTIN_F601A8FB,Kolkata,Logistics,8.0,5011.2,2460192.57,0
GSTIN_A3345B3B,Pune,IT Services,4.0,6370.0,2822840.36,0
GSTIN_1752515B,Faridabad,Logistics,3.0,3596.4,1431974.81,0
GSTIN_9C538055,Ahmedabad,IT Services,5.0,3223.2,2264555.5,0
GSTIN_47AE7440,Pune,Logistics,6.0,3703.7,2096472.87,0
GSTIN_3742EBF2,Dahej,Logistics,6.0,3480.8,3640420.74,0
GSTIN_8A8A5E01,Mumbai,Manufacturing,3.0,2336.8,1062084.5,0
GSTIN_22DF33FF,Hyderabad,Manufacturing,5.0,3217.2,1922369.22,0
GSTIN_E1AB3822,Nagpur,Logistics,6.0,4405.5,3197888.15,0
GSTIN_04AAB31E,Nagpur,Logistics,3.0,4485.6,844532.69,0
GSTIN_2BE352A4,New Delhi,Retail,1.0,4020.5,415185.0,0
